{
    "products": [
        {
            "id": "123a",
            "name": "Car",
            "description": "4 wheeler",
            "quantity": 0
        },
        {
            "id": "123b",
            "name": "Truck",
            "description": "6 wheeler",
            "quantity": 0
        },
        {
            "id": "123c",
            "name": "Bike",
            "description": "2 wheeler",
            "quantity": 0
        }
    ],
    "orders": [],
    "Username": "",
    "Password": "",
    "loggedIn": false,
    "users": [
        {
            "username": "rajat",
            "password": "rajat123"
        },
        {
            "username": "rahul",
            "password": "rahul123"
        },
        {
            "username": "rohit",
            "password": "rohit123"
        },
        {
            "username": "sahil",
            "password": "sahil123"
        }
    ]
}